country_a,country_b,year,comlang,comethno,dist_cepii,dist_mc,gdpa,gdpb,gdpcomb,gpi_a,gpi_b,hhmi_a,hhmi_b,polity_a,polity_b,polity_aff,lor,lorb,loravg,igo_count,igo_weights,mn,treaty_count,treaty_weight,iln,unga,bits_sig_binary,tradeindex,imports,exports,totaltrade,exports_per,imports_per,totaltrade_per,totaltrade_per_b,totaltrade_per_gdp_a,totaltrade_per_gdp_b,lntotaltrade,expectedtrade,actminusexptrade,fdi_inflows,fdi_outflows,fdi_outstock,fdi_instock,arms_imports,arms_exports,arms_imports_per,arms_exports_per,arms_total,arms_total_percent,arms_imports_ma,arms_exports_ma,arms_imports_stock,arms_exports_stock,arms_imports_stock_per,arms_exports_stock_per,arms_imports_stock_per_b,arms_exports_stock_per_b,milspenda,milspendb,milstocka,milstockb,armsstock_milstock_a,armsstock_milstock_b,rivalry,shared_disputes,directed_dispute_complainant,directed_dispute_respondent,mepv_inttot,mepv_civtot,mepv_actotal,mid_binary,mid_fatlev,mid_highact,allianceindex,remit_a,remit_b,remit_a_per_gdp_a,remit_b_per_gdp_b,aid_a,aid_b,aid_a_per_gdp_a,aid_b_per_gdp_b,migrantstocktotal,migrantstockmale,migrantstockfemale
Togo,Afghanistan,1978,0,0,7601.833,7368.927128089442,1.931,4.862,6.7930002,.013727437,.045998242,.076384269,.14912924,3,10,13,0,0,0,13,159.07904,.23301382,15.75,84.886742,.13857174,.872549,0,0,0,,,,0,,,,,,-2.1409211,,,,,,0,0,0,0,0,0,0,0,0,0,0,0,0,,.098480999,.111826,.32698426,.78843218,0,0,0,,,,0,0,0,0,,,0,,,,,0,0,0,0,,,
Saudi Arabia,Afghanistan,1983,0,0,2425.437,2649.061114903338,254.89999,5.1100001,260.00998,1.6498744,.044683889,1.5438523,.14610334,0,10,10,1,.38,.69,17,180.96292,.248293,20,106.67584,.12420946,.90972221,0,0,13.092551,0,13.092551,0,.00010497428,.000061821702,.010517139,.00005136348,.0025621431,2.5720434,2.95224,-.38019657,,,,,0,0,0,0,0,0,0,0,0,0,0,0,0,,56.077999,.32703999,312.12744,1.6306336,0,0,0,,,,0,0,0,0,,,0,,,,,0,0,0,0,,,
Benin,Afghanistan,1997,0,0,7481.0059,7253.693884221753,4.1810002,7.1690001,11.35,.018202659,.053018656,.083149679,.14556557,16,3,7,0,0,0,19,204.55354,.22219895,35.25,301.21198,.21723498,.94915253,0,0,,,,,,,,,,,-1.1322433,,,,,,0,0,0,0,0,0,0,0,0,0,0,0,0,,.054352999,.32618949,.5168075,3.1119602,0,0,0,,,,0,0,0,0,,,0,,,,,0,0,0,0,,,
Palestine,Afghanistan,1965,,,,3044.517889263072,2.9003999,4.066,6.9664001,.019904947,.050933037,.020030085,.17160727,,3,,0,0,0,1,.0099999998,.000019385299,0,0,0,,0,0,,,,,,,,,,,-1.1220378,,,,,,0,0,0,0,0,0,0,0,0,0,0,0,0,,.1856256,.064649403,.84936231,.22018915,0,0,0,,,,,,,0,,,0,,,,,0,0,0,0,,,
Cameroon,Afghanistan,2001,0,0,6842.123,6517.72038239925,18.42,6.5840001,25.004,.052942771,.049862169,.14303985,.13894553,6,10,16,0,0,0,21,239.20799,.25048879,42.25,389.14435,.21188593,.9861111,0,0,,,,,,,,,,,.19625889,,,,,,0,0,0,0,0,0,0,0,0,0,0,0,0,,.23946001,.207396,2.1257038,2.9053168,0,0,0,,,,0,0,0,0,,,0,,,,,0,0,0,0,,,
Luxembourg,Afghanistan,1974,0,0,5304.3359,5177.446454559926,15.95,4.6719999,20.622,.043653604,.047434196,.12830047,.15754379,20,3,3,0,0,0,15,161.51659,.28601098,23.25,111.44114,.18780129,.64666665,0,0,.0469,.105424,.15232401,.000015446909,6.8718700e-06,.000011040673,.000071411043,9.5500945e-06,.000032603599,-1.8817455,.038001042,-1.9197465,,,,,0,0,0,0,0,0,0,0,0,0,0,0,0,,.11165,.098112002,.93799204,.60907537,0,0,0,,,,0,0,0,0,,,0,,,,,0,0,0,0,,,
Belgium,Afghanistan,1999,0,0,5416.1211,5281.431685388166,423.70001,7.171,430.871,.9507733,.052071173,.56154108,.14212316,20,3,3,0,0,0,19.75,249.75224,.26533893,55.25,438.20743,.27308312,,0,0,.0089202719,2.2884068,2.297327,.00001433011,5.5859157e-08,6.5622771e-06,.0055382247,5.4220604e-06,.00032036356,.83174628,3.1699424,-2.338196,,,,,0,0,0,0,0,0,0,0,0,0,0,0,0,,5.9317999,.2760835,70.194901,3.0569108,0,0,0,,,,0,0,0,0,,,0,,,,,0,0,0,0,,,
Sri Lanka,Afghanistan,1993,0,0,3261.061,3320.330001909091,23.190001,5.2119999,28.402,.099932887,.044550002,.19647224,.13666646,15,10,15,0,0,0,24,233.6683,.27366903,46.25,307.96487,.24952944,.95454544,0,0,.031152647,1.8380061,1.8691587,.0004252636,7.2078578e-06,.00019422077,.0010052295,.000080601931,.00035862601,.62548846,.80341417,-.17792571,,,,,0,0,0,0,0,0,0,0,0,0,0,0,0,,.78846002,.310114,4.0608182,3.0632627,0,0,0,,,,0,5,5,0,,,0,,,,,0,0,0,0,,,
El Salvador,Afghanistan,2003,0,0,14203.46,14099.6710740896,20,9.1829996,29.182999,.036408294,.057381995,.10732459,.14981885,17,10,13,0,0,0,19.75,257.45831,.25865033,43.5,480.34784,.24126087,.88181818,0,0,,,,,,,,,,,-.89757532,,,,,,0,0,0,0,0,0,0,0,0,0,0,0,0,,.22,.19284301,3.2031617,2.7595432,0,0,0,,,,0,0,0,0,,,0,,,,,0,0,0,0,,,
Senegal,Afghanistan,1981,0,0,8799.582,8523.771690120206,5.6849999,5.0089998,10.694,.028450934,.046294406,.14021955,.14595227,9,10,19,0,.38,.19,18,177.63518,.24139521,21.75,148.08702,.20171323,.85245901,0,0,18.935644,,,,.017296733,,,,,,-1.4181272,,,,,,0,0,0,0,0,0,0,0,0,0,0,0,0,,.18192001,.25545901,1.265029,1.3451825,0,0,0,,,,0,0,0,0,,,0,,,,,0,0,0,0,,,
Liberia,Afghanistan,1963,0,0,8699.1172,8448.057349287714,.96399999,3.904,4.868,.0086670062,.051062562,.13634035,.17646545,4,0,16,0,0,0,12,164.98921,.32334176,13,99.005676,.22133981,.77419353,0,0,,,,,,,,,,,-3.1238298,,,,,,0,0,0,0,0,0,0,0,0,0,0,0,0,,.018605201,.037868802,.062281717,.12741128,0,0,0,,,,0,0,0,0,,,0,,,,,0,0,0,0,,,
East Germany,Afghanistan,1972,,,,,,4.5799999,,,.048163433,,.16111296,1,3,18,0,0,0,1,14.460833,.026865909,2.25,29.628012,.051578876,,0,0,0,,,,0,,,,,,,,,,,,0,0,0,0,0,0,0,0,0,0,0,0,0,,,.091600001,,.53315896,0,0,0,,,,0,0,0,0,,,0,,,,,0,0,0,,,,
Togo,Afghanistan,1998,0,0,7601.833,7368.927128089442,2.845,6.882,9.7270002,.013164949,.051904682,.074392252,.14565842,8,3,15,0,0,0,20,213.88368,.23047739,39.75,363.35245,.24849841,.97368419,0,0,,,,,,,,,,,-1.516192,,,,,,0,0,0,0,0,0,0,0,0,0,0,0,0,,.051210001,.28904399,.5514946,3.0898082,0,0,0,,,,0,0,0,0,,,0,,,,,0,0,0,0,,,
Somalia,Afghanistan,1961,0,0,4380.1821,4020.881309416819,.011,3.7709999,3.7819998,.010254098,.057369981,.05738065,.20413388,17,0,3,0,0,0,7,117.13985,.24534734,4,47.57621,.10359857,.75742573,0,0,0,0,0,0,0,0,0,0,0,,-6.1107845,,,,,,0,0,0,0,0,0,0,0,0,0,0,0,0,,.00038499999,.0365787,.00073149998,.069202714,0,0,0,,,,0,0,0,0,,,0,,,,,,,,,,,
India,Afghanistan,1994,0,0,1003.893,1818.25488324661,591.29999,5.0560002,596.35602,3.1424866,.045517113,4.9029369,.14032817,18,10,12,.75,1,.875,24,237.47472,.25354517,50.75,331.57053,.26071319,.87068963,0,3,3.0500758,24.218513,27.268589,.00057124143,.00007194205,.00033676933,.038624279,.000046116336,.0053933123,3.3057353,3.8169477,-.51121235,,,,,0,0,0,0,0,0,0,0,0,0,0,0,0,,16.5564,.28313601,130.76314,3.0400724,0,0,0,,,,0,7,7,0,,,0,,,,,0,0,0,0,,,
Canada,Afghanistan,1972,0,0,10768.89,10619.09969942365,615.70001,4.5799999,620.28003,1.8172996,.048163433,1.3738447,.16111296,20,3,3,.38,.38,.38,16,171.33658,.31831586,26.75,172.71382,.30067441,.69444442,0,0,0,.53763443,.53763443,4.5221250e-06,0,2.3438267e-06,.00049222267,8.7320842e-07,.00011738743,-.62057644,2.0881319,-2.7087083,,,,,0,0,0,0,0,0,0,0,0,0,0,0,0,,12.9297,.091600001,99.034431,.53315896,0,0,0,,,,0,0,0,0,,,0,,,,,0,0,0,0,,,
Azerbaijan,Afghanistan,2012,0,0,1822.217,1827.943041322415,67.266197,20.54598,87.81218,.1968751,.040952545,.1949908,.1804802,3,10,13,0,0,0,28.5,317.33945,.31007522,54,556.83984,.37161666,.97692305,0,12,,117.44991,,.0043297922,,,,,,,3.1592681,,,,,,0,0,0,0,0,0,0,0,0,0,0,0,0,,3.09442,.7809,16.660271,3.7235961,0,0,0,,,,0,0,0,0,,,0,0,0,0,0,,,,,,,
Egypt,Afghanistan,1969,0,0,3584.3191,3447.496714689342,27.860001,4.4460001,32.306,.32573122,.049187146,.60935956,.16478884,3,3,20,1,1,1,16,156.57262,.29660809,22.75,118.37196,.21370862,.88749999,0,0,0,0,0,0,0,0,0,0,0,,.79998642,,,,,,0,0,0,0,0,0,0,0,0,0,0,0,0,,2.6745601,.093365997,13.08782,.43131369,0,0,0,,,,4,0,4,0,,,0,,,,,0,0,0,0,,,
Chile,Afghanistan,1947,0,0,16353.9,16286.99822825783,,,,,,,,12,0,8,0,0,0,5,90.257668,.49403837,4.5,56.083485,.38075715,.5,0,0,,,,,,,,,,,,,,,,,,,,,,0,,,,,,,,,,,,,,,0,,,,0,0,0,0,,,0,,,,,,,,,,,
Uruguay,Afghanistan,2009,0,0,15100.65,14927.15429158718,40.59,15.53,56.119999,.052840158,.030912049,.12457827,.17096221,20,10,10,0,0,0,23.75,297.58115,.29489613,64.25,678.63049,.39609224,.94444442,0,0,,.080451787,,.000013392747,,,,,,,-.0072390721,,,,,,0,0,0,0,0,0,0,0,0,0,0,0,0,,.85238999,.31060001,7.3285995,2.6573601,0,0,0,,,,0,0,0,0,,,0,,,,,0,0,0,0,,,
Central African Republic,Afghanistan,1968,0,0,6188.3149,5990.364438845722,.89300001,4.3779998,5.2709999,.0083510038,.049875859,.087094754,.16945834,3,3,20,0,0,0,13,149.73012,.28634948,13,102.85791,.19714604,.7352941,0,0,0,,,,0,,,,,,-2.6225462,,,,,,0,0,0,0,0,0,0,0,0,0,0,0,0,,.020539001,.096316002,.074421413,.37549743,0,0,0,,,,0,0,0,0,,,0,,,,,0,0,0,0,,,
Trinidad and Tobago,Afghanistan,1963,0,0,12807,12665.11700172021,5.9229999,3.904,9.8269997,.027212029,.051062562,.064228818,.17646545,18,0,2,0,0,0,10,156.27631,.30626643,4,49.686756,.11108108,.8214286,0,0,0,,,,0,,,,,,-2.3852549,,,,,,0,0,0,0,0,0,0,0,0,0,0,0,0,,.0201382,.037868802,.049271919,.10098583,0,0,0,,,,0,0,0,0,,,0,,,,,0,0,0,0,,,
Iran,Afghanistan,1990,1,1,1620.826,1442.999175940257,214.60001,5.283,219.88301,.58210129,.039371848,.71750045,.1363648,4,2,18,.75,.75,.75,21,193.19701,.26626089,39,232.10582,.23335378,.97647059,0,0,0,0,0,0,0,0,0,0,0,,3.0643694,,,,,,0,0,0,0,0,0,0,0,0,0,0,0,0,,4.2919998,.36980999,127.86002,2.9647112,0,0,0,,,,0,4,4,0,,,0,,,,,0,0,0,0,3064953,1754513,1310440
Peru,Afghanistan,1962,0,0,15811.19,15488.67381463425,33.189999,3.836,37.025997,.19338155,.051166385,.36855152,.1847472,4,0,16,0,0,0,15,170.03174,.34975892,8.5,67.467094,.15225208,.52499998,0,0,0,0,0,0,0,0,0,0,0,,-1.4740301,,,,,,0,0,0,0,0,0,0,0,0,0,0,0,0,,.94259602,.037209202,2.3822885,.099491641,0,0,0,,,,0,0,0,0,,,0,,,,,0,0,0,0,,,
Bhutan,Afghanistan,1989,0,0,2103.501,2311.070562751438,.40900001,5.4239998,5.8329997,.001905782,.039618813,.035940859,.13706659,0,2,18,0,0,0,16,172.08687,.24474569,15.5,94.179657,.099494584,.96460176,0,0,,,,,,,,,,,-2.4021907,,,,,,0,0,0,0,0,0,0,0,0,0,0,0,0,,.0057259998,.398664,.031996228,2.8832235,0,0,0,,,,0,0,0,0,,,0,,,,,0,0,0,0,,,
Haiti,Afghanistan,1997,0,0,12861,12726.98577579617,6.6630001,7.1690001,13.832001,.02341851,.053018656,.099267915,.14556557,17,3,6,0,0,0,19.75,222.39194,.24157614,35.5,345.62479,.24926561,.95744681,0,0,,,,,,,,,,,-1.7803994,,,,,,0,0,0,0,0,0,0,0,0,0,0,0,0,,0,.32618949,.38376206,3.1119602,0,0,0,,,,0,0,0,0,,,0,,,,,0,0,0,0,,,
Samoa (Formerly Western Samoa),Afghanistan,1979,0,0,12020.44,13654.14236839198,,4.9109998,,.00090721902,.049679231,.024957176,.15211546,,10,,0,0,0,8,133.07292,.19072685,8,48.574879,.07849285,.85447758,0,0,,,,,,,,,,,,,,,,,0,0,0,0,0,0,0,0,0,0,0,0,0,,.001596,.29957101,.012312513,.99877304,0,0,0,,,,,,,0,,,0,,,,,0,0,0,,,,
Marshall Islands,Afghanistan,1998,0,0,10652.17,,,6.882,,,.051904682,,.14565842,,3,,0,0,0,10,214.91371,.23158734,13.5,154.88257,.10592489,,0,0,,,,,,,,,,,,,,,,,0,0,0,0,0,0,0,0,0,0,0,0,0,,,.28904399,,1.8135972,0,0,0,,,,,,,0,,,0,,,,,0,0,0,,,,
Latvia,Afghanistan,1967,0,0,4186.2739,4050.585331438506,9.9020004,4.23,14.132,,.049786128,,.18352035,,3,,0,0,0,0,0,0,0,0,0,,0,0,,,,,,,,,,,-.23668659,,,,,,0,0,0,0,0,0,0,0,0,0,0,0,0,,0,.071910001,0,.31020159,0,0,0,,,,,,,0,,,0,,,,,0,0,0,0,,,
Zambia,Afghanistan,1971,0,0,7048.7598,6763.538364948335,7.6620002,4.5349998,12.197001,.044958279,.047934797,.12463629,.16196893,10,3,13,0,0,0,14,156.40501,.29461175,8.25,68.984421,.12140805,.94067794,0,0,0,0,0,0,0,0,0,0,0,,-.91311228,,,,,,0,0,0,0,0,0,0,0,0,0,0,0,0,,.375438,.072559997,.89534366,.43577471,0,0,0,,,,0,0,0,0,,,0,,,,,0,0,0,0,,,
Ethiopia,Afghanistan,2001,0,0,4196.2061,4083.446786130818,13.35,6.5840001,19.934,.14142753,.049862169,.3192611,.13894553,11,10,19,0,0,0,18.5,234.96289,.24604347,43,395.40332,.2152939,.97297299,0,0,.10618958,,,,.00016290986,,,,,,.3870731,,,,,,0,0,0,0,0,0,0,0,0,0,0,0,0,,.58740002,.207396,5.7093744,2.9053168,0,0,0,,,,,,,0,,,0,,,,,0,0,0,0,,,
Papua New Guinea,Afghanistan,2001,0,0,9528.0088,9363.513498527551,7.835,6.5840001,14.419001,.020006057,.049862169,.073134728,.13894553,14,10,16,0,0,0,21.5,227.21114,.23792616,31.5,272.55899,.14840615,.92105263,0,0,,,,,,,,,,,-1.0733008,,,,,,0,0,0,0,0,0,0,0,0,0,0,0,0,,.062679999,.207396,.75729442,2.8905067,0,0,0,,,,0,0,0,0,,,0,,,,,0,0,0,0,,,
Ethiopia,Afghanistan,1970,0,0,4196.2061,4083.446786130818,7.013,4.4899998,11.503,.1178863,.048182938,.30763161,.16605143,1,3,18,0,0,0,13,154.93568,.29222855,18,106.2581,.19476308,.87931037,0,0,,,,,,,,,,,-.48547551,,,,,,0,0,0,0,0,0,0,0,0,0,0,0,0,,.18119401,.076329999,1.0981514,.46451232,0,0,0,,,,0,1,1,0,,,0,,,,,0,0,0,0,,,
Uruguay,Afghanistan,1945,0,0,15100.65,14927.15429158718,,,,,,,,10,0,10,0,0,0,3,11.682639,.077208519,,,,,0,0,,,,,,,,,,,,,,,,,,,,,,0,,,,,,,,,,,,,,,0,,,,,,,0,,,0,,,,,,,,,,,
Nepal,Afghanistan,2002,0,0,1710.066,1795.955570535079,13.03,8.4680004,21.498001,.061126232,.054324202,.14748059,.14257541,4,10,14,0,0,0,24,241.2877,.24529743,44.5,419.58945,.22139528,1,0,0,,,,,,,,,,,1.0167896,,,,,,0,0,0,0,0,0,0,0,0,0,0,0,0,,.16938999,.237104,.91151994,2.8518891,0,0,0,,,,0,2,2,0,,,0,,,,,0,0,0,0,,,
Nicaragua,Afghanistan,2011,0,0,14235.58,14070.84017195585,9.9102621,17.880711,27.790974,.016893245,.038405295,.089113943,.17857108,19,10,11,0,0,0,25.75,287.46368,.2838403,63.5,607.55725,.35723016,,0,0,,,,,,,,,,,-.92249811,,,,,,0,0,0,0,0,0,0,0,0,0,0,0,0,,.069370002,.84035999,1.9944158,3.5535936,0,0,0,,,,0,0,0,0,,,0,.0042226668,0,2.3615766e-07,0,0,0,0,0,,,
Dominica,Afghanistan,2011,0,0,12416.77,,,17.880711,,,.038405295,,.17857108,,10,,0,0,0,16.75,261.13574,.25784421,47.75,509.48776,.29956749,,0,0,,,,,,,,,,,,,,,,,0,0,0,0,0,0,0,0,0,0,0,0,0,,,.84035999,,3.5326846,0,0,0,,,,,,,0,,,0,0,0,0,,0,0,0,,,,
Iraq,Afghanistan,1979,0,0,2285.353,2105.881522990481,40.689999,4.9109998,45.600998,.25405404,.049679231,.37794709,.15211546,1,10,11,.5,1,.75,19,177.19164,.25396001,24.5,109.08988,.17627993,.94,0,0,0,0,0,0,0,0,0,0,0,,1.4624764,,,,,,0,0,0,0,0,0,0,0,0,0,0,0,0,,5.2083201,.29957101,42.287384,1.00916,0,0,0,,,,0,8,8,0,,,0,,,,,0,0,0,0,,,
Tunisia,Afghanistan,1961,0,0,5252.6182,5153.790539310067,4.0949998,3.7709999,7.8659997,.047241583,.057369981,.17324345,.20413388,1,0,19,0,0,0,14,165.4393,.34650964,9.75,100.3988,.2186213,.80952382,0,0,0,0,0,0,0,0,0,0,0,,-1.2953171,,,,,,0,0,0,0,0,0,0,0,0,0,0,0,0,,.057330001,.0365787,.106533,.069202714,0,0,0,,,,0,1,1,0,,,0,,,,,,,,,,,
Algeria,Afghanistan,1988,0,0,5866.7358,5710.952057840226,105.4,5.3709998,110.771,.27286023,.039872989,.44189867,.13627517,1,10,11,0,0,0,18,187.25285,.26987585,32.5,209.76782,.22529437,.98872179,0,0,0,0,0,0,0,0,0,0,0,,1.6597608,,,,,,0,0,0,0,0,0,0,0,0,0,0,0,0,,1.7918,.41356701,25.188042,2.7587247,0,0,0,,,,0,0,0,0,,,0,,,,,0,0,0,0,,,
Palestine,Afghanistan,2006,,,,3044.517889263072,8.1969995,10.89,19.087,.018166676,.022280533,.030395692,.16325997,,10,,0,0,0,5.5,67.330254,.066604361,0,0,0,,0,0,,,,,,,,,,,.59842974,,,,,,0,0,0,0,0,0,0,0,0,0,0,0,0,,.52460802,.19602001,3.9480474,2.5402806,0,0,0,,,,,,,0,,,0,,,,,0,0,0,0,,,
United Kingdom,Afghanistan,2008,0,0,5718.0781,5673.931355820247,2526,12.83,2538.8301,4.2013235,.026706452,3.0456834,.16920553,20,10,10,1,1,1,26.75,309.8479,.30774301,77.75,679.77496,.40088055,.62,0,0,1.3158598,130.82243,132.13829,.00028028863,2.8192453e-06,.00011774259,.02278427,.000052311279,.010299166,4.8838491,5.1070719,-.22322273,,,,,0,0,0,0,0,0,0,0,0,0,0,0,0,,63.150002,.28226,566.63654,2.6075113,0,0,0,,,,0,0,0,0,,,0,,,,,244.15901,0,.019030321,0,,,
Senegal,Afghanistan,1990,0,0,8799.582,8523.771690120206,6.9850001,5.283,12.268,.02920427,.039371848,.13638856,.1363648,9,2,13,0,0,0,21,193.33301,.26644832,39.25,286.14093,.28767943,.98214287,0,0,0,0,0,0,0,0,0,0,0,,-1.1978167,,,,,,0,0,0,0,0,0,0,0,0,0,0,0,0,,.1397,.36980999,1.4204783,2.9647112,0,0,0,,,,0,0,0,0,,,0,,,,,0,0,0,0,,,
Dominica,Afghanistan,1996,0,0,12416.77,,,6.763,,,.052206308,,.14718631,,3,,0,0,0,13,189.38237,.20364502,22.75,255.85898,.19015238,,0,0,,,,,,,,,,,,,,,,,0,0,0,0,0,0,0,0,0,0,0,0,0,,,.33138701,,2.9937458,0,0,0,,,,,,,0,,,0,,,,,0,0,0,,,,
Dominica,Afghanistan,1995,0,0,12416.77,,,6.3800001,,,.050723549,,.14543182,,10,,0,0,0,12,186.52194,.19681175,22.75,251.60158,.1903774,,0,0,,,,,,,,,,,,,,,,,0,0,0,0,0,0,0,0,0,0,0,0,0,,,.33495,,2.9581764,0,0,0,,,,,,,0,,,0,,,,,0,0,0,,,,
Dominica,Afghanistan,1994,0,0,12416.77,,,5.0560002,,,.045517113,,.14032817,,10,,0,0,0,12,186.41835,.19903371,22.75,242.26521,.19049263,,0,0,,,,,,,,,,,,,,,,,0,0,0,0,0,0,0,0,0,0,0,0,0,,,.28313601,,2.914696,0,0,0,,,,,,,0,,,0,,,,,0,0,0,,,,
Barbados,Afghanistan,2000,0,0,12465.55,12318.79936152479,3.964,7.0419998,11.006,.0054752352,.050770562,.048289791,.14058907,,3,,0,0,0,15,217.32877,.2283213,34.5,364.35678,.21090828,,0,0,,,,,,,,,,,-2.1591258,,,,,,0,0,0,0,0,0,0,0,0,0,0,0,0,,.035675999,.24647,.45197713,2.9937963,0,0,0,,,,,,,0,,,0,,,,,0,0,0,0,,,
Dominica,Afghanistan,1993,0,0,12416.77,,,5.2119999,,,.044550002,,.13666646,,10,,0,0,0,12,187.87837,.22004052,19.25,207.72275,.16830796,,0,0,,,,,,,,,,,,,,,,,0,0,0,0,0,0,0,0,0,0,0,0,0,,,.310114,,2.9239557,0,0,0,,,,,,,0,,,0,,,,,0,0,0,,,,
Mongolia,Afghanistan,1966,0,0,3443.5449,3327.342158114996,1.29,4.1110001,5.401,.010154783,.049991209,.064933024,.17273994,3,3,20,.5,0,.25,6,109.08605,.21212737,7.75,66.989754,.1415109,.80769229,0,0,0,,,,0,,,,,,-1.8553101,,,,,,0,0,0,0,0,0,0,0,0,0,0,0,0,,.031734001,.066598199,.16043377,.26476845,0,0,0,,,,0,0,0,0,,,0,,,,,0,0,0,0,,,
Gabon,Afghanistan,1968,0,0,7263.688,7062.128067757276,4.1700001,4.3779998,8.5480003,.015327467,.049875859,.075168498,.16945834,1,3,18,0,0,0,13,157.00162,.30025572,11,106.19094,.20353439,.70238096,0,0,,,,,,,,,,,-1.5171258,,,,,,0,0,0,0,0,0,0,0,0,0,0,0,0,,.050039999,.096316002,.28422618,.37549743,0,0,0,,,,0,0,0,0,,,0,,,,,0,0,0,0,,,
Dominica,Afghanistan,1978,0,0,12416.77,,,4.862,,,.045998242,,.14912924,,10,,0,0,0,,,,,,,,,,,,,,,,,,,,,,,,,,0,0,0,0,0,0,0,0,0,0,0,0,0,,,.111826,,.111826,0,0,0,,,,,,,,,,0,,,,,0,0,0,,,,
Austria,Afghanistan,1976,0,0,4568.0981,4560.67731374319,190.60001,4.7659998,195.36601,.40669215,.047028966,.45605555,.15362415,20,3,3,.38,.75,.565,17,172.21051,.25698534,27.75,129.27707,.21053705,.83146065,0,0,5.5335965,1.8577075,7.391304,.000054021315,.00016091454,.00009284405,.0031265609,.000038779137,.0015508402,2.0003042,2.2811918,-.2808876,,,,,0,0,0,0,0,0,0,0,0,0,0,0,0,,2.0966001,.109618,14.208981,.71764076,0,0,0,,,,0,0,0,0,,,0,,,,,0,0,0,0,,,
Austria,Afghanistan,1971,0,0,4568.0981,4560.67731374319,158,4.5349998,162.535,.4062807,.047934797,.4635649,.16196893,20,3,3,.38,.75,.565,16,164.52971,.30991578,25.5,133.52711,.23499896,.79918033,0,0,2.2222223,.44444445,2.6666667,.000024928408,.00012464204,.000065097454,.0016861587,.000016877637,.00058801915,.9808293,2.07952,-1.0986907,,,,,0,0,0,0,0,0,0,0,0,0,0,0,0,,1.58,.072559997,11.12879,.49062109,0,0,0,,,,0,0,0,0,,,0,,,,,0,0,0,0,,,
Taiwan,Afghanistan,1970,0,0,5105.7861,5239.875341388557,31.709999,4.4899998,36.199997,.21366797,.048182938,.31514093,.16605143,2,3,19,0,0,0,11,126.72522,.23902,13.75,113.75351,.20850159,.76190478,0,0,,2.1511629,,.00042303122,,,,,,,.57640582,,,,,,0,0,0,0,0,0,0,0,0,0,0,0,0,,3.2344201,.076329999,16.566616,.46451232,0,0,0,,,,0,0,0,0,,,0,,,,,0,0,0,0,,,
Oman,Afghanistan,2010,0,0,1587.942,1638.616329372006,66.963821,16.84058,83.804398,.2028469,.035275321,.1989439,.17479242,2,10,12,0,0,0,25.5,303.65268,.30390814,44.75,418.75247,.24004658,.95588237,0,0,,1.2639794,,.000037856793,,,,,,,3.0225203,,,,,,0,0,0,0,0,0,0,0,0,0,0,0,0,,5.5576801,.62308002,51.710068,3.0147042,0,0,0,,,,0,0,0,0,,,0,0,0,0,0,0,0,0,0,,,
Costa Rica,Afghanistan,2008,0,0,14334.57,14230.47260402156,37.98,12.83,50.809998,.04257454,.026706452,.11145399,.16920553,20,10,10,0,0,0,23.75,297.65469,.29563263,62.5,656.43988,.38711929,.92666668,0,0,.0049550682,.26310554,.26806062,.000017564586,3.3079394e-07,8.7221742e-06,.000046221016,7.0579417e-06,.000020893267,-1.3165421,-.093146294,-1.2233958,,,,,0,0,0,0,0,0,0,0,0,0,0,0,0,,0,.28226,.073327132,2.6075113,0,0,0,,,,0,0,0,0,,,0,,,,,0,0,0,0,,,
Turkmenistan,Afghanistan,1996,0,0,1042.731,786.7186304625114,10.41,6.763,17.173,.034353584,.052206308,.070652694,.14718631,1,3,18,0,0,0,18,203.55592,.21888602,17.75,185.89825,.13815811,,0,3,,,,,,,,,,,.82743227,,,,,,0,0,0,0,0,0,0,0,0,0,0,0,0,,.20819999,.33138701,79.635857,1.7162638,0,0,0,,,,0,0,0,0,,,0,,,,,0,0,0,0,,,
Maldives,Afghanistan,1987,0,0,3406.564,3628.296161875349,.44,5.3179998,5.7579999,.001230112,.04087225,.036896382,.13622168,,10,,0,0,0,17,176.34518,.2396628,17.75,99.470482,.10554671,.95801526,0,0,,,,,,,,,,,-2.6081843,,,,,,0,0,0,0,0,0,0,0,0,0,0,0,0,,.0022,.42809901,.012057246,2.5925217,0,0,0,,,,,,,0,,,0,,,,,0,0,0,0,,,
Brazil,Afghanistan,2000,0,0,13771.76,13211.87605184852,1690,7.0419998,1697.042,2.2023969,.050770562,2.2594461,.14058907,18,3,5,0,0,0,19.5,239.21207,.25131145,47.75,402.57898,.23303324,,0,0,1.3386724,.011300261,1.3499726,1.5213759e-07,.000018022805,9.0711210e-06,.0020975184,7.9880039e-07,.00019170302,.30008429,2.8173614,-2.517277,,,,,0,0,0,0,0,0,0,0,0,0,0,0,0,,30.42,.24647,253.10892,2.9976897,0,0,0,,,,0,0,0,0,,,0,,,,,0,0,0,0,0,0,0
Cabo Verde,Afghanistan,2000,0,0,9324.5801,9171.057051401527,1.022,7.0419998,8.0640001,.002250236,.050770562,.047682479,.14058907,18,3,5,0,0,0,15.5,218.1584,.2291929,25.25,307.80472,.17817307,,0,0,,,,,,,,,,,-2.7107117,,,,,,0,0,0,0,0,0,0,0,0,0,0,0,0,,.013286,.24647,.083148807,2.9583368,0,0,0,,,,0,0,0,0,,,0,,,,,0,0,0,0,,,
Papua New Guinea,Afghanistan,1987,0,0,9528.0088,9363.513498527551,5.336,5.3179998,10.653999,.015668347,.04087225,.072380781,.13622168,14,10,16,0,0,0,16,188.59453,.25631031,23.75,158.77913,.16847825,.94814813,0,0,0,0,0,0,0,0,0,0,0,,-1.581314,,,,,,0,0,0,0,0,0,0,0,0,0,0,0,0,,.074703999,.42809901,.58529812,2.5431008,0,0,0,,,,0,0,0,0,,,0,,,,,0,0,0,0,,,
Samoa (Formerly Western Samoa),Afghanistan,1969,0,0,12020.44,13654.14236839198,,4.4460001,,,.049187146,,.16478884,,3,,0,0,0,,,,2,11.057956,.019964023,,0,0,,,,,,,,,,,,,,,,,0,0,0,0,0,0,0,0,0,0,0,0,0,,0,.093365997,.020483471,.40152419,0,0,0,,,,,,,0,,,0,,,,,0,0,0,,,,
Uruguay,Afghanistan,1989,0,0,15100.65,14927.15429158718,23.59,5.4239998,29.014,.048234005,.039618813,.16202313,.13706659,20,2,2,0,0,0,18,181.42363,.25802463,27.75,242.38068,.25605917,.92543858,0,0,0,0,0,0,0,0,0,0,0,,-1.3626649,,,,,,0,0,0,0,0,0,0,0,0,0,0,0,0,,.82564998,.398664,5.8011909,2.8832235,0,0,0,,,,0,0,0,0,,,0,,,,,0,0,0,0,,,
United Arab Emirates,Afghanistan,1994,0,0,1813.615,1602.555887157554,163.39999,5.0560002,168.45599,.37212756,.045517113,.48931894,.14032817,2,10,12,.5,0,.25,19,227.35831,.24274415,18.75,138.90961,.10922433,.97169811,0,0,0,2.4127467,2.4127467,.000081494254,0,.000039671446,.003417507,.000014765892,.00047720462,.8807658,2.7649114,-1.8841456,,,,,0,0,0,0,0,0,0,0,0,0,0,0,0,,8.6602001,.28313601,71.088333,3.0091085,0,0,0,,,,0,0,0,0,,,0,,,,,0,0,0,0,,,
Djibouti,Afghanistan,1977,0,0,3668.116,3579.638424883096,.32499999,4.8140001,5.1389999,.0020499099,.046462599,.026956048,.15191972,2,3,19,0,0,0,4,84.137161,.12056521,2.25,25.962795,.042848397,.97169811,0,0,,,,,,,,,,,-2.9410372,,,,,,0,0,0,0,0,0,0,0,0,0,0,0,0,,.025675001,.105908,37.736031,.2045642,0,0,0,,,,0,0,0,0,,,0,,,,,0,0,0,0,,,
Madagascar,Afghanistan,1993,0,0,6370.1421,6380.379498500599,6.2150002,5.2119999,11.427,.036489539,.044550002,.11375561,.13666646,19,10,11,0,0,0,19,221.39308,.25929245,38.5,294.69351,.23877628,.95918369,0,0,0,0,0,0,0,0,0,0,0,,-.89965063,,,,,,0,0,0,0,0,0,0,0,0,0,0,0,0,,.068365,.310114,.9301697,3.0632627,0,0,0,,,,0,0,0,0,,,0,,,,,0,0,0,0,,,
Venezuela,Afghanistan,1988,0,0,13208.57,13211.00680641872,186.5,5.3709998,191.871,.33024427,.039872989,.46456048,.13627517,19,10,11,0,0,0,18,185.86505,.2678757,31.75,226.70467,.24348485,.96268654,0,0,0,0,0,0,0,0,0,0,0,,.7138629,,,,,,0,0,0,0,0,0,0,0,0,0,0,0,0,,3.73,.41356701,29.719303,2.7606218,0,0,0,,,,0,0,0,0,,,0,,,,,0,0,0,0,,,
Peru,Afghanistan,2000,0,0,15811.19,15488.67381463425,92.980003,7.0419998,100.022,.16796565,.050770562,.29762861,.14058907,15,3,8,0,0,0,19.75,239.62688,.25174725,38.25,375.69928,.21747391,,0,0,.021779375,.071298957,.09307833,7.7277900e-06,2.3605737e-06,4.9631835e-06,.00014462035,1.0010575e-06,.000013217599,-2.3743138,-.082089357,-2.2922244,,,,,0,0,0,0,0,0,0,0,0,0,0,0,0,,1.67364,.24647,18.82012,2.9976897,0,0,0,,,,0,0,0,0,,,0,,,,,0,0,0,0,6,4,2
East Germany,Afghanistan,1982,,,,,,5.059,,,.044378322,,.13869038,1,10,11,1,1,1,11,129.24048,.17911004,17,116.08255,.14192969,.872549,0,0,29.510489,0,29.510489,0,.0022410131,.0012246425,.023834206,,.0058332654,3.3847458,,,,,,,0,0,0,0,0,0,0,0,0,0,0,0,0,,,.237773,,1.4484373,0,0,0,,,,0,0,0,0,,,5,,,,,0,0,0,,,,
El Salvador,Afghanistan,2002,0,0,14203.46,14099.6710740896,19.549999,8.4680004,28.018,.037572559,.054324202,.10793241,.14257541,17,10,13,0,0,0,19.75,248.21216,.25233695,36.75,397.09158,.20952435,,0,0,,,,,,,,,,,-.98581827,,,,,,0,0,0,0,0,0,0,0,0,0,0,0,0,,.2737,.237104,3.3146241,2.8518891,0,0,0,,,,0,0,0,0,,,0,,,,,0,0,0,0,,,
Romania,Afghanistan,1978,,,,3748.771765576811,133.7,4.862,138.562,.57237786,.045998242,.67611206,.14912924,2,10,12,.38,.38,.38,16,169.81685,.24874222,29.75,155.75473,.25425884,.91836733,0,0,,0,,0,,,,,,,2.1516614,,,,,,0,0,0,0,0,0,0,0,0,0,0,0,0,,8.5567999,.111826,48.714428,.78843218,0,0,0,,,,0,0,0,0,,,0,,,,,0,0,0,0,,,
Cote d'Ivoire,Afghanistan,1962,0,0,8144.624,8021.900980964525,4.8699999,3.836,8.7059994,.033679154,.051166385,.12634605,.1847472,1,0,19,0,0,0,10,129.89857,.26720414,10,68.878242,.15543659,.8114754,0,0,0,,,,0,,,,,,-1.6806808,,,,,,0,0,0,0,0,0,0,0,0,0,0,0,0,,.006331,.037209202,.016567798,.099491641,0,0,0,,,,0,0,0,0,,,0,,,,,0,0,0,0,,,
Bhutan,Afghanistan,1960,0,0,2103.501,2311.070562751438,.0261,3.737,3.7630999,.000990959,.058101565,.0050402679,.22521068,0,0,20,0,0,0,,,,,,,,,,,,,,,,,,,,-5.0578375,,,,,,0,0,0,0,0,0,0,0,0,0,0,0,0,,.00036539999,.0362489,.00036539999,.0362489,0,0,0,,,,,,,,,,0,,,,,,,,,,,
Bahamas,Afghanistan,1998,0,0,12518.58,12401.76939946965,,6.882,,.010691608,.051904682,.0437962,.14565842,,3,,0,0,0,13,205.4758,.2214172,28.75,263.1384,.17996155,.93243241,0,0,,,,,,,,,,,,,,,,,0,0,0,0,0,0,0,0,0,0,0,0,0,,.052023999,.28904399,1.0587021,3.0779734,0,0,0,,,,,,,0,,,0,,,,,0,0,0,,,,
South Vietnam,Afghanistan,1971,,,,,,4.5349998,,,.047934797,,.16196893,10,3,13,0,0,0,13.75,145.00417,.27313659,0,0,0,,0,0,,,,,,,,,,,,,,,,,0,0,0,0,0,0,0,0,0,0,0,0,0,,,.072559997,,.49062109,0,0,0,,,,0,7,7,0,,,0,,,,,0,0,0,,,,
West Germany,Afghanistan,1953,0,0,5226.5142,,,,,,,,,20,0,0,0,0,0,5.75,89.867348,.29767385,1,7.9016843,.026272448,,0,0,,,,,,,,,,,,,,,,,0,0,0,0,0,0,0,0,0,0,0,0,0,,,,,,0,0,0,,,,,,,0,,,0,,,,,,,,,,,
Benin,Afghanistan,2003,0,0,7481.0059,7253.693884221753,5.5339999,9.1829996,14.716999,.019565154,.057381995,.089130007,.14981885,16,10,14,0,0,0,23.75,278.07623,.27936372,46.5,467.22784,.23467119,.98958331,0,0,.11419316,,,,.00020752611,,,,,,-.68349326,,,,,,0,0,0,0,0,0,0,0,0,0,0,0,0,,.055339999,.19284301,.47177446,2.7595432,0,0,0,,,,0,0,0,0,,,0,,,,,0,0,0,0,,,
West Germany,Afghanistan,1976,0,0,5226.5142,,1861,4.7659998,1865.766,6.3707223,.047028966,4.2748513,.15362415,20,3,3,.5,1,.75,17,172.21051,.25698534,22.75,147.21167,.23974481,.6179775,0,0,166.0079,90.671936,256.67984,.00023139997,.00042366167,.00034897876,.10857694,.00013792576,.053856451,5.5478296,,,,,,,0,0,0,0,0,0,0,0,0,0,0,0,0,,74.067802,.109618,531.98035,.71764076,0,0,0,,,,,,,0,,,0,,,,,50.386581,0,.010572091,0,,,
Japan,Afghanistan,1973,0,0,6278.0161,6188.167287675728,2476,4.6259999,2480.626,4.5856361,.047383737,3.7694278,.1611065,20,3,3,1,1,1,17,173.09853,.31185114,19,130.89261,.22393291,.71739131,0,0,5.0761423,165.12689,170.20303,.00097044423,.000029832288,.00047364953,.11463623,.00006874113,.036792703,5.136992,4.1248975,1.0120945,,,,,0,0,0,0,0,0,0,0,0,0,0,0,0,,19.808001,.087894,119.17933,.5677371,0,0,0,,,,0,0,0,0,,,0,,,,,6.25632,0,.0013524254,0,,,
Dominican Republic,Afghanistan,1993,0,0,12709.28,12584.31580664087,21.02,5.2119999,26.232,.055753205,.044550002,.13201961,.13666646,16,10,14,0,0,0,17,221.13483,.25898999,36.75,295.61749,.23952493,.88999999,0,0,0,0,0,0,0,0,0,0,0,,-1.0476012,,,,,,0,0,0,0,0,0,0,0,0,0,0,0,0,,.16816001,.310114,1.5689467,3.0632627,0,0,0,,,,0,0,0,0,,,0,,,,,0,0,0,0,,,
Saint Lucia,Afghanistan,1982,0,0,12492.83,12360.63785482063,.34400001,5.059,5.4029999,.00098736398,.044378322,.034676485,.13869038,,10,,0,0,0,12,160.39619,.2222877,6.75,57.483601,.070283003,,0,0,,,,,,,,,,,-4.5259056,,,,,,0,0,0,0,0,0,0,0,0,0,0,0,0,,.002752,.237773,.01010608,1.004516,0,0,0,,,,,,,0,,,0,,,,,0,0,0,0,,,
Papua New Guinea,Afghanistan,2010,0,0,9528.0088,9363.513498527551,11.37028,16.84058,28.210861,.010815267,.035275321,.0694746,.17479242,14,10,16,0,0,0,27.5,268.30603,.26853177,49.25,496.15506,.284417,.921875,0,0,,,,,,,,,,,.041503154,,,,,,0,0,0,0,0,0,0,0,0,0,0,0,0,,.056850001,.62308002,.60319674,3.0089664,0,0,0,,,,0,0,0,0,,,0,0,0,0,0,0,0,0,0,,,
Djibouti,Afghanistan,1999,0,0,3668.116,3579.638424883096,.79100001,7.171,7.9619999,.003166307,.052071173,.048951626,.14212316,12,3,11,0,0,0,18,222.96774,.23688285,20,190.50624,.11872013,,0,0,,,,,,,,,,,-1.8462598,,,,,,0,0,0,0,0,0,0,0,0,0,0,0,0,,.043505002,.2760835,4.101542,3.0030222,0,0,0,,,,0,0,0,0,,,0,,,,,0,0,0,0,,,
Serbia,Afghanistan,2006,,,,4108.761997010027,40.400002,10.89,51.290001,.094748266,.022280533,.18558092,.16325997,18,10,12,0,0,0,22.5,291.77039,.28862479,70.75,698.62988,.34094545,.77027029,0,0,,,,,,,,,,,1.7511641,,,,,,0,0,0,0,0,0,0,0,0,0,0,0,0,,1.092984,.19602001,1.092984,.19602001,0,0,0,,,,,,,0,,,0,,,,,0,0,0,0,,,
Pakistan,Afghanistan,1995,0,0,374.65219,583.6762835033999,117.4,6.3800001,123.78,.59556305,.050723549,.92111552,.14543182,18,10,12,1,1,1,26,249.4838,.26324701,46.25,305.37601,.23106645,.96323532,0,3,,,,,,,,,,,2.8759892,,,,,,0,0,0,0,0,0,0,0,0,0,0,0,0,,6.2221999,.33495,47.957394,3.0710154,0,0,0,,,,0,1,1,0,,,0,,,,,0,0,0,0,,,
Italy,Afghanistan,2014,,,,4811.918989056415,,,,,,,,20,9,9,,,,,,,,,,,,,,,,,,,,,,,,,,,,,,,,,,0,,,,,,,,,35.68,.70499998,379.93625,5.141479,,,0,,,,,,,,,,,.61507827,,,,,,,,,,
China,Afghanistan,1959,0,0,4180.438,4246.641853642403,,,,,,,,2,0,18,0,.5,.25,3,34.263699,.083733931,11.25,59.825485,.14941871,,0,0,0,0,0,0,0,0,0,,,,,,,,,,0,0,0,0,0,0,0,0,0,0,0,0,0,,,,,,0,0,0,,,,0,6,6,0,,,0,,,,,,,,,,,
China,Afghanistan,1977,0,0,4180.438,4246.641853642403,293.60001,4.8140001,298.414,4.9254222,.046462599,6.6958842,.15191972,3,3,20,.75,1,.875,13,157.24364,.22532389,16.25,74.289368,.12260546,.89855075,0,0,25.50186,20.78067,46.282532,.00096825889,.001188239,.0010991739,.015287519,.00015763805,.0096141528,3.8347647,2.7168565,1.1179082,,,,,0,0,0,0,0,0,0,0,0,0,0,0,0,,35.231998,.105908,246.01718,.75178468,0,0,0,,,,0,0,0,0,,,5,,,,,0,0,0,0,,,
Barbados,Afghanistan,2011,0,0,12465.55,12318.79936152479,4.3679771,17.880711,22.248688,.0041449908,.038405295,.03940884,.17857108,,10,,0,0,0,20.75,269.9577,.26655495,53.75,554.49744,.32603219,,0,0,.016619699,,,,.000013973368,,,,,,-1.2845917,,,,,,0,0,0,0,0,0,0,0,0,0,0,0,0,,.030576,.84035999,.37978676,3.552372,0,0,0,,,,,,,0,,,0,0,0,0,0,0,0,0,0,,,
Cabo Verde,Afghanistan,1978,0,0,9324.5801,9171.057051401527,.185,4.862,5.0469999,.001196857,.045998242,.039165676,.14912924,6,10,16,0,0,0,11,152.06395,.22273836,5,46.18203,.075388975,.93548387,0,0,,,,,,,,,,,-4.4783521,,,,,,0,0,0,0,0,0,0,0,0,0,0,0,0,,.0061050002,.111826,.018475994,.38881785,0,0,0,,,,0,0,0,0,,,0,,,,,0,0,0,0,,,
South Korea,Afghanistan,2007,0,0,5131.8882,5333.589512771343,1052,12.39,1064.39,1.5386767,.025425578,1.2395117,.1682706,18,10,12,1,1,1,32.5,319.43875,.31328845,62.25,636.63434,.33787256,.76249999,0,0,.13506779,118.2287,118.36377,.00029985455,3.4256229e-07,.00015512206,.028643988,.00011251309,.0095531689,4.7737627,4.3978028,.37595987,,,,,0,0,0,0,0,0,0,0,0,0,0,0,0,,27.351999,.29736,198.66667,2.5836124,0,0,0,,,,0,0,0,0,,,0,,,,,3.8830044,0,.00031339825,0,,,
Bhutan,Afghanistan,2013,0,0,2103.501,2311.070562751438,1.9679101,21.409389,23.3773,.0031604921,.050468132,.029675512,.18922262,15,10,15,0,0,0,28.25,262.83279,.2602984,50.25,349.82001,.23489781,.94915253,0,0,,,,,,,,,,,.10018482,,,,,,0,0,0,0,0,0,0,0,0,0,0,0,0,,.02751,1.3482,.17406161,4.9294209,0,0,0,,,,0,0,0,0,,,0,,,,,,,,,,,
Vanuatu,Afghanistan,2000,0,0,11938.98,12001.53244802848,.58200002,7.0419998,7.6239996,.00086303701,.050770562,.025912071,.14058907,,3,,0,0,0,14,219.68881,.23080072,12.75,147.32158,.085277244,,0,0,,,,,,,,,,,-3.7293308,,,,,,0,0,0,0,0,0,0,0,0,0,0,0,0,,.00291,.24647,.020938072,2.8504841,0,0,0,,,,,,,0,,,0,,,,,0,0,0,0,,,
Cuba,Afghanistan,1986,0,0,12952.4,12834.54872900969,46.700001,5.2649999,51.965,.17458044,.042242054,.32084042,.13952968,3,10,13,1,1,1,16,156.4155,.20641601,40.75,234.70554,.2507982,.96938777,0,0,,,,,,,,,,,-.40822306,,,,,,0,0,0,0,0,0,0,0,0,0,0,0,0,,1.9614,.44226,16.976782,2.4219329,0,0,0,,,,0,0,0,0,,,0,,,,,0,0,0,0,,,
Belarus,Afghanistan,1949,0,0,3880.8999,3730.320591213028,,,,,,,,,0,,0,0,0,,,,,,,.65625,,,,,,,,,,,,,,,,,,,,,,,,0,,,,,,,,,,,,,,,0,,,,,,,,,,0,,,,,,,,,,,
Antigua and Barbuda,Afghanistan,2013,0,0,12297.09,,,21.409389,,,.050468132,,.18922262,,10,,0,0,0,18.75,269.37469,.26677719,55,554.6311,.37242475,.96610171,0,0,,,,,,,,,,,,,,,,,0,0,0,0,0,0,0,0,0,0,0,0,0,,,1.3482,0,4.8920031,0,0,0,,,,,,,0,,,0,,,,,,,,,,,
Iraq,Afghanistan,1976,0,0,2285.353,2105.881522990481,33.82,4.7659998,38.585999,.26898882,.047028966,.38307375,.15362415,3,3,20,.5,1,.75,17,164.7148,.24579966,22.5,103.19581,.16806181,.98795182,0,0,0,4.5454545,4.5454545,.00012465057,0,.000089419285,.0019227515,.00013440137,.00095372531,1.5141277,1.2798132,.23431456,,,,,0,0,0,0,0,0,0,0,0,0,0,0,0,,5.81704,.109618,34.676559,.71764076,0,0,0,,,,0,5,5,0,,,0,,,,,0,0,0,0,,,
Andorra,Afghanistan,2010,0,0,5806.3589,,,16.84058,,,.035275321,,.17479242,,10,,0,0,0,13.5,172.54884,.172694,35.75,422.7579,.24234267,,0,0,,,,,,,,,,,,,,,,,0,0,0,0,0,0,0,0,0,0,0,0,0,,,.62308002,,3.0147042,0,0,0,,,,,,,0,,,0,0,,0,,0,0,0,,,,
Andorra,Afghanistan,1950,0,0,5806.3589,,,,,,,,,,0,,0,0,0,,,,0,0,0,,0,0,,,,,,,,,,,,,,,,,0,0,0,0,0,0,0,0,0,0,0,0,0,,,,,,0,0,0,,,,,,,0,,,0,,,,,,,,,,,